{
    "name": "chatroom_name",
    "roles": [
        "chatroom_name"
    ],
    "lookups": [
        "keywords"
    ],
    "keywords": [
        {
            "keyword": "Babcock Banter",
            "synonyms": [
                "babcock",
                "babcock banter",
                "banter"
            ]
        },
        {
            "keyword": "Bascom Hill Hangout",
            "synonyms": [
                "bascom",
                "bascom hill hangout",
                "hangout",
                "hill"
            ]
        },
        {
            "keyword": "Chadbourne Chats",
            "synonyms": [
                "Chadbourne Chats",
                "chadbourne"
            ]
        },
        {
            "keyword": "Humanities Hubbub",
            "synonyms": [
                "Humanities Hubbub",
                "hubbub",
                "humanities"
            ]
        },
        {
            "keyword": "Memorial Union Meetups",
            "synonyms": [
                "Memorial Union Meetups",
                "meetups",
                "memorial",
                "union"
            ]
        },
        {
            "keyword": "Red Gym Rendezvous",
            "synonyms": [
                "Red Gym Rendezvous",
                "gym",
                "red gym",
                "rendezvous"
            ]
        },
        {
            "keyword": "Witte Whispers",
            "synonyms": [
                "whispers",
                "witte",
                "witte whispers"
            ]
        }
    ]
}
