{
    "utterances": [
        {
            "text": "Can I see the last 4 posts in Witte Whispers",
            "entities": [
                {
                    "entity": "chatroom_name:chatroom_name",
                    "start": 30,
                    "end": 44,
                    "body": "Witte Whispers",
                    "entities": []
                },
                {
                    "entity": "wit$number:number",
                    "start": 19,
                    "end": 20,
                    "body": "4",
                    "entities": []
                }
            ],
            "traits": [],
            "intent": "get_messages"
        },
        {
            "text": "I want to see 3 posts from Hangout",
            "entities": [
                {
                    "entity": "chatroom_name:chatroom_name",
                    "start": 27,
                    "end": 34,
                    "body": "Hangout",
                    "entities": []
                },
                {
                    "entity": "wit$number:number",
                    "start": 14,
                    "end": 15,
                    "body": "3",
                    "entities": []
                }
            ],
            "traits": [],
            "intent": "get_messages"
        },
        {
            "text": "I want to see posts in Hangout",
            "entities": [
                {
                    "entity": "chatroom_name:chatroom_name",
                    "start": 23,
                    "end": 30,
                    "body": "Hangout",
                    "entities": []
                }
            ],
            "traits": [],
            "intent": "get_messages"
        },
        {
            "text": "I want to see the list of chatrooms",
            "entities": [],
            "traits": [],
            "intent": "get_chatrooms"
        },
        {
            "text": "What chatrooms are available?",
            "entities": [],
            "traits": [],
            "intent": "get_chatrooms"
        },
        {
            "text": "chatrooms",
            "entities": [],
            "traits": [],
            "intent": "get_chatrooms"
        },
        {
            "text": "get help",
            "entities": [],
            "traits": [],
            "intent": "get_help"
        },
        {
            "text": "give me 10 posts",
            "entities": [
                {
                    "entity": "wit$number:number",
                    "start": 8,
                    "end": 10,
                    "body": "10",
                    "entities": []
                }
            ],
            "traits": [],
            "intent": "get_messages"
        },
        {
            "text": "give me 5 posts",
            "entities": [
                {
                    "entity": "wit$number:number",
                    "start": 8,
                    "end": 9,
                    "body": "5",
                    "entities": []
                }
            ],
            "traits": [],
            "intent": "get_messages"
        },
        {
            "text": "give me the 4 latest posts",
            "entities": [
                {
                    "entity": "wit$number:number",
                    "start": 12,
                    "end": 13,
                    "body": "4",
                    "entities": []
                }
            ],
            "traits": [],
            "intent": "get_messages"
        },
        {
            "text": "help",
            "entities": [],
            "traits": [],
            "intent": "get_help"
        },
        {
            "text": "help me",
            "entities": [],
            "traits": [],
            "intent": "get_help"
        },
        {
            "text": "how can I use this",
            "entities": [],
            "traits": [],
            "intent": "get_help"
        },
        {
            "text": "messages",
            "entities": [],
            "traits": [],
            "intent": "get_messages"
        },
        {
            "text": "please explain how I can use this",
            "entities": [],
            "traits": [],
            "intent": "get_help"
        },
        {
            "text": "pleaset tell me how to use this",
            "entities": [],
            "traits": [],
            "intent": "get_help"
        },
        {
            "text": "posts",
            "entities": [],
            "traits": [],
            "intent": "get_messages"
        },
        {
            "text": "show me 4 posts from Bascom",
            "entities": [
                {
                    "entity": "chatroom_name:chatroom_name",
                    "start": 21,
                    "end": 27,
                    "body": "Bascom",
                    "entities": []
                },
                {
                    "entity": "wit$number:number",
                    "start": 8,
                    "end": 9,
                    "body": "4",
                    "entities": []
                }
            ],
            "traits": [],
            "intent": "get_messages"
        },
        {
            "text": "show me posts",
            "entities": [],
            "traits": [],
            "intent": "get_messages"
        },
        {
            "text": "show me posts from Bascom",
            "entities": [
                {
                    "entity": "chatroom_name:chatroom_name",
                    "start": 19,
                    "end": 25,
                    "body": "Bascom",
                    "entities": []
                }
            ],
            "traits": [],
            "intent": "get_messages"
        },
        {
            "text": "show me the list of chatrooms",
            "entities": [],
            "traits": [],
            "intent": "get_chatrooms"
        },
        {
            "text": "what are the 3 latest posts in Bascom Hill Hangout",
            "entities": [
                {
                    "entity": "chatroom_name:chatroom_name",
                    "start": 31,
                    "end": 50,
                    "body": "Bascom Hill Hangout",
                    "entities": []
                },
                {
                    "entity": "wit$number:number",
                    "start": 13,
                    "end": 14,
                    "body": "3",
                    "entities": []
                }
            ],
            "traits": [],
            "intent": "get_messages"
        },
        {
            "text": "what are the posts in Babcock Banter",
            "entities": [
                {
                    "entity": "chatroom_name:chatroom_name",
                    "start": 22,
                    "end": 36,
                    "body": "Babcock Banter",
                    "entities": []
                }
            ],
            "traits": [],
            "intent": "get_messages"
        },
        {
            "text": "what can I do",
            "entities": [],
            "traits": [],
            "intent": "get_help"
        },
        {
            "text": "what chatrooms are there",
            "entities": [],
            "traits": [],
            "intent": "get_chatrooms"
        },
        {
            "text": "what chatrooms can I use",
            "entities": [],
            "traits": [],
            "intent": "get_chatrooms"
        }
    ]
}
